business_name,distance,location_type,street_address,materials_accepted
New ﻿York City Bulk Item Curbside Program,Municipal,Program,New York; NY 10001,Stoves; Barbeque ﻿Grills; Washer/Dryers; Dishwashers; Carpet; Household ﻿Furniture; Lumber; Refrigerators; Carpet ﻿Padding; Dehumidifiers; Air ﻿Conditioners; Humidifiers; Freezers; Heaters
IMobile ﻿LLC,0 mi.,Location,370 ﻿7th Ave; New York; NY 10001,Cell ﻿Phones; Cell ﻿Phone Accessories
The ﻿4th Bin,0.1 mi.,Location,307 ﻿7th Ave; New York; NY 10001,Inkjet ﻿Cartridges; Toner ﻿Cartridges; MP3 ﻿Players; Cell ﻿Phones; LCD ﻿Televisions; LCD ﻿Computer Monitors; Desktop ﻿Computers
Sprint ﻿Store,0.2 mi.,Location,126 ﻿W 34th St; New York; NY 10001,Cell ﻿Phones; Cell ﻿Phone Accessories
Willoughby's,0.3 mi.,Location,298 ﻿5th Ave; New York; NY 10001,MP3 ﻿Players; Cell ﻿Phones; Telephones; Game ﻿Consoles; Desktop ﻿Computers; Nickel-cadmium ﻿Batteries; Lithium-ion ﻿Batteries
Cartridge ﻿World,0.3 mi.,Location,225 ﻿West 23rd Street; New York; NY 10011,Inkjet ﻿Cartridges; Toner ﻿Cartridges
ProTek ﻿Recycling Inc.,Program,Not listed,276 ﻿5th Avenue; New York; NY 10001,Computer ﻿Peripherals - External; Printers; Television ﻿Accessories; CD ﻿Players; Game ﻿Consoles; Blu-Ray ﻿Players; Digital ﻿Cameras; Receivers; Boomboxes; Paper ﻿Shredders; Office ﻿Machines; MP3 ﻿Players; CRT ﻿Televisions; LCD ﻿Computer Monitors; Desktop ﻿Computers; CRT ﻿Computer Monitors; VCRs; Tablets; Projectors; DVD ﻿Players; LCD ﻿Televisions; Typewriters; Cell ﻿Phone Accessories; Electronic ﻿Servers; GPS ﻿Systems; Laptop ﻿Computers; Home ﻿Electronics; Hard ﻿Drives; Cables; Cassette ﻿Players; Cell ﻿Phones; Pagers; Record ﻿Players; Audio ﻿Equipment; Two-Way ﻿Radios; Telephones; Calculators; Computer ﻿Peripherals - Internal
Tekserve,0.3 mi.,Location,119 ﻿W 23rd St; New York; NY 10011,Office ﻿Machines; LCD ﻿Computer Monitors; Desktop ﻿Computers
Staples,0.3 mi.,Location,500 ﻿8th Avenue; New York; NY 10018,Computer ﻿Peripherals - External; Printers; Digital ﻿Cameras; Nickel-cadmium ﻿Batteries; Paper ﻿Shredders; Office ﻿Machines; Toner ﻿Cartridges; MP3 ﻿Players; LCD ﻿Computer Monitors; Desktop ﻿Computers; CRT ﻿Computer Monitors; Tablets; Inkjet ﻿Cartridges; Cell ﻿Phone Accessories; GPS ﻿Systems; Laptop ﻿Computers; Lithium-ion ﻿Batteries; Cell ﻿Phones
Cartridge ﻿World,0.3 mi.,Location,155 ﻿West 35th Street; New York; NY 10001,Inkjet ﻿Cartridges; Toner ﻿Cartridges
Home ﻿Depot,0.4 mi.,Location,40 ﻿W 23rd St; New York; NY 10010,Cell ﻿Phones; CFLs; Car ﻿Batteries; Nickel-cadmium ﻿Batteries; Lead-acid ﻿Batteries - Non-automotive; Lithium-ion ﻿Batteries
Staples,0.4 mi.,Location,16 ﻿East 34th Street; New York; NY 10016,Computer ﻿Peripherals - External; Printers; Digital ﻿Cameras; Nickel-cadmium ﻿Batteries; Paper ﻿Shredders; Office ﻿Machines; Toner ﻿Cartridges; MP3 ﻿Players; LCD ﻿Computer Monitors; Desktop ﻿Computers; CRT ﻿Computer Monitors; Tablets; Inkjet ﻿Cartridges; Cell ﻿Phone Accessories; GPS ﻿Systems; Laptop ﻿Computers; Lithium-ion ﻿Batteries; Cell ﻿Phones
Sprint ﻿Store,0.5 mi.,Location,175 ﻿5th Ave; New York; NY 10010,Cell ﻿Phones; Cell ﻿Phone Accessories
Staples,0.5 mi.,Location,641 ﻿Avenue of the Americas; New York; NY 10011,Computer ﻿Peripherals - External; Printers; Digital ﻿Cameras; Nickel-cadmium ﻿Batteries; Paper ﻿Shredders; Office ﻿Machines; Toner ﻿Cartridges; MP3 ﻿Players; LCD ﻿Computer Monitors; Desktop ﻿Computers; CRT ﻿Computer Monitors; Tablets; Inkjet ﻿Cartridges; Cell ﻿Phone Accessories; GPS ﻿Systems; Laptop ﻿Computers; Lithium-ion ﻿Batteries; Cell ﻿Phones
Staples,0.6 mi.,Location,442 ﻿5th Avenue; New York; NY 10018,Computer ﻿Peripherals - External; Printers; Digital ﻿Cameras; Nickel-cadmium ﻿Batteries; Paper ﻿Shredders; Office ﻿Machines; Toner ﻿Cartridges; MP3 ﻿Players; LCD ﻿Computer Monitors; Desktop ﻿Computers; CRT ﻿Computer Monitors; Tablets; Inkjet ﻿Cartridges; Cell ﻿Phone Accessories; GPS ﻿Systems; Laptop ﻿Computers; Lithium-ion ﻿Batteries; Cell ﻿Phones
Radius ﻿Recycling,0.6 mi.,Location,11 ﻿Times Square; New York; NY 10036,Hard ﻿Drives; Computer ﻿Peripherals - External; Nonferrous ﻿Metals; Cell ﻿Phones; Ferrous ﻿Metals; Aluminum ﻿Scrap; Brass; Game ﻿Consoles; Zinc; Copper; Laptop ﻿Computers; Desktop ﻿Computers; Stainless ﻿Steel; Home ﻿Electronics; Computer ﻿Peripherals - Internal
Central ﻿Iron and Metal,0.6 mi.,Location,505 ﻿W 27th St; New York; NY 10001,Garden ﻿Tools; Cables; Nonferrous ﻿Metals; Ferrous ﻿Metals; Aluminum ﻿Scrap; Brass; Cookware; Pipe; Zinc; Metal ﻿Clothes Hangers; Copper; Tools; Stainless ﻿Steel; Scrap ﻿Metal; Metal ﻿Tags; Musical ﻿Instruments - Metal; Hardware
Staples ﻿Copy and Print Shop,0.6 mi.,Location,315 ﻿Park Avenue South; New York; NY 10010,Inkjet ﻿Cartridges; Toner ﻿Cartridges; Nickel-zinc ﻿Batteries; Nickel-metal ﻿Hydride Batteries; Nickel-cadmium ﻿Batteries; Lead-acid ﻿Batteries - Non-automotive; Lithium-ion ﻿Batteries
Staples,0.6 mi.,Location,261 ﻿Madison Ave; New York; NY 10016,Computer ﻿Peripherals - External; Printers; Digital ﻿Cameras; Nickel-cadmium ﻿Batteries; Paper ﻿Shredders; Office ﻿Machines; Toner ﻿Cartridges; MP3 ﻿Players; LCD ﻿Computer Monitors; Desktop ﻿Computers; CRT ﻿Computer Monitors; Tablets; Inkjet ﻿Cartridges; Cell ﻿Phone Accessories; Silver-oxide ﻿Batteries; GPS ﻿Systems; Laptop ﻿Computers; Lithium-ion ﻿Batteries; Cell ﻿Phones
Sprint ﻿Store,0.7 mi.,Location,57 ﻿W 42nd St; New York; NY 10036,Cell ﻿Phones; Cell ﻿Phone Accessories
Best ﻿Buy,0.8 mi.,Location,529 ﻿5th Ave; New York; NY 10017,Computer ﻿Peripherals - External; Printers; Television ﻿Accessories; CD ﻿Players; Curling ﻿Irons; Blu-Ray ﻿Players; Digital ﻿Cameras; Game ﻿Consoles; Receivers; Nickel-cadmium ﻿Batteries; Boomboxes; Paper ﻿Shredders; Office ﻿Machines; Vacuum ﻿Cleaners; Toner ﻿Cartridges; MP3 ﻿Players; CRT ﻿Televisions; LCD ﻿Computer Monitors; Scanners; Desktop ﻿Computers; Lead-acid ﻿Batteries - Non-automotive; CRT ﻿Computer Monitors; VCRs; Tablets; Projectors; Inkjet ﻿Cartridges; DVD ﻿Players; LCD ﻿Televisions; Cell ﻿Phone Accessories; GPS ﻿Systems; Laptop ﻿Computers; Nickel-metal ﻿Hydride Batteries; Small ﻿Appliances; Home ﻿Electronics; Lithium-ion ﻿Batteries; Hard ﻿Drives; Video ﻿Game Peripherals; Cables; Cassette ﻿Players; Cell ﻿Phones; Audio ﻿Equipment; Two-Way ﻿Radios; Telephones; Nickel-zinc ﻿Batteries; Calculators; Computer ﻿Peripherals - Internal
"Mobile ﻿City NY, LLC",0.8 mi.,Location,606 ﻿9th Ave; New York; NY 10036,Cell ﻿Phones; Cell ﻿Phone Accessories
Staples,0.8 mi.,Location,116 ﻿W 14th St; New York; NY 10011,Computer ﻿Peripherals - External; Printers; Digital ﻿Cameras; Nickel-cadmium ﻿Batteries; Paper ﻿Shredders; Office ﻿Machines; Toner ﻿Cartridges; MP3 ﻿Players; LCD ﻿Computer Monitors; Desktop ﻿Computers; CRT ﻿Computer Monitors; Tablets; Inkjet ﻿Cartridges; Cell ﻿Phone Accessories; Silver-oxide ﻿Batteries; GPS ﻿Systems; Laptop ﻿Computers; Lithium-ion ﻿Batteries; Cell ﻿Phones
IMobile ﻿LLC,0.8 mi.,Location,39 ﻿W 14th St; New York; NY 10011,Cell ﻿Phones; Cell ﻿Phone Accessories
Best ﻿Buy,0.9 mi.,Location,52 ﻿E 14th St; New York; NY 10003,Computer ﻿Peripherals - External; Printers; Television ﻿Accessories; CD ﻿Players; Curling ﻿Irons; Blu-Ray ﻿Players; Digital ﻿Cameras; Game ﻿Consoles; Receivers; Nickel-cadmium ﻿Batteries; Boomboxes; Paper ﻿Shredders; Office ﻿Machines; Vacuum ﻿Cleaners; Toner ﻿Cartridges; MP3 ﻿Players; CRT ﻿Televisions; LCD ﻿Computer Monitors; Scanners; Desktop ﻿Computers; Lead-acid ﻿Batteries - Non-automotive; CRT ﻿Computer Monitors; VCRs; Tablets; Projectors; Inkjet ﻿Cartridges; DVD ﻿Players; LCD ﻿Televisions; Cell ﻿Phone Accessories; GPS ﻿Systems; Laptop ﻿Computers; Nickel-metal ﻿Hydride Batteries; Small ﻿Appliances; Home ﻿Electronics; Lithium-ion ﻿Batteries; Hard ﻿Drives; Video ﻿Game Peripherals; Cables; Cassette ﻿Players; Cell ﻿Phones; Audio ﻿Equipment; Two-Way ﻿Radios; Telephones; Nickel-zinc ﻿Batteries; Calculators; Computer ﻿Peripherals - Internal
"The ﻿Phone Center, Inc",0.9 mi.,Location,232 ﻿3rd Ave; New York; NY 10010,Cell ﻿Phones; Cell ﻿Phone Accessories
Staples,0.9 mi.,Location,776 ﻿8th Avenue; Manhattan; NY 10036,Computer ﻿Peripherals - External; Printers; Digital ﻿Cameras; Nickel-cadmium ﻿Batteries; Paper ﻿Shredders; Office ﻿Machines; Toner ﻿Cartridges; MP3 ﻿Players; LCD ﻿Computer Monitors; Desktop ﻿Computers; CRT ﻿Computer Monitors; Tablets; Inkjet ﻿Cartridges; Cell ﻿Phone Accessories; GPS ﻿Systems; Laptop ﻿Computers; Lithium-ion ﻿Batteries; Cell ﻿Phones
Staples,0.9 mi.,Location,5-9 ﻿Union Square West; New York; NY 10003,Computer ﻿Peripherals - External; Printers; Digital ﻿Cameras; Nickel-cadmium ﻿Batteries; Paper ﻿Shredders; Office ﻿Machines; Toner ﻿Cartridges; MP3 ﻿Players; LCD ﻿Computer Monitors; Desktop ﻿Computers; CRT ﻿Computer Monitors; Tablets; Inkjet ﻿Cartridges; Cell ﻿Phone Accessories; GPS ﻿Systems; Laptop ﻿Computers; Lithium-ion ﻿Batteries; Cell ﻿Phones
Staples,1 mi.,Location,675 ﻿3rd Avenue; New York; NY 10017,Computer ﻿Peripherals - External; Printers; Digital ﻿Cameras; Nickel-cadmium ﻿Batteries; Paper ﻿Shredders; Office ﻿Machines; Toner ﻿Cartridges; MP3 ﻿Players; LCD ﻿Computer Monitors; Desktop ﻿Computers; CRT ﻿Computer Monitors; Tablets; Inkjet ﻿Cartridges; Cell ﻿Phone Accessories; GPS ﻿Systems; Laptop ﻿Computers; Lithium-ion ﻿Batteries; Cell ﻿Phones
Sprint ﻿Store,1.1 mi.,Location,403 ﻿6th Ave; New York; NY 10014,Cell ﻿Phones; Cell ﻿Phone Accessories
Staples,1.1 mi.,Location,390 ﻿Avenue of the Americas; New York; NY 10011,Computer ﻿Peripherals - External; Printers; Digital ﻿Cameras; Nickel-cadmium ﻿Batteries; Paper ﻿Shredders; Office ﻿Machines; Toner ﻿Cartridges; MP3 ﻿Players; LCD ﻿Computer Monitors; Desktop ﻿Computers; CRT ﻿Computer Monitors; Tablets; Inkjet ﻿Cartridges; Cell ﻿Phone Accessories; GPS ﻿Systems; Laptop ﻿Computers; Lithium-ion ﻿Batteries; Cell ﻿Phones
Computer ﻿Recycling Services,Program,Not listed,Manhattan; NY 10003,Toner ﻿Cartridges; Cell ﻿Phones; Telephones; Desktop ﻿Computers; Office ﻿Machines
Staples,1.2 mi.,Location,769 ﻿Broadway; Manhattan; NY 10003,Computer ﻿Peripherals - External; Printers; Digital ﻿Cameras; Nickel-cadmium ﻿Batteries; Paper ﻿Shredders; Office ﻿Machines; Toner ﻿Cartridges; MP3 ﻿Players; LCD ﻿Computer Monitors; Desktop ﻿Computers; CRT ﻿Computer Monitors; Tablets; Inkjet ﻿Cartridges; Cell ﻿Phone Accessories; GPS ﻿Systems; Laptop ﻿Computers; Lithium-ion ﻿Batteries; Cell ﻿Phones
Staples ﻿Copy and Print Shop,1.3 mi.,Location,1755 ﻿Broadway; Manhattan; NY 10019,Inkjet ﻿Cartridges; Toner ﻿Cartridges; Nickel-zinc ﻿Batteries; Nickel-metal ﻿Hydride Batteries; Nickel-cadmium ﻿Batteries; Lead-acid ﻿Batteries - Non-automotive; Lithium-ion ﻿Batteries
Cartridge ﻿World,1.4 mi.,Location,153 ﻿East 53rd Street; New York; NY 10022,Inkjet ﻿Cartridges; Toner ﻿Cartridges
Staples,1.4 mi.,Location,425 ﻿Park Avenue; New York; NY 10022,Computer ﻿Peripherals - External; Printers; Digital ﻿Cameras; Nickel-cadmium ﻿Batteries; Paper ﻿Shredders; Office ﻿Machines; Toner ﻿Cartridges; MP3 ﻿Players; LCD ﻿Computer Monitors; Desktop ﻿Computers; CRT ﻿Computer Monitors; Tablets; Inkjet ﻿Cartridges; Cell ﻿Phone Accessories; GPS ﻿Systems; Laptop ﻿Computers; Lithium-ion ﻿Batteries; Cell ﻿Phones
Sprint ﻿Store,1.5 mi.,Location,677 ﻿Lexington Ave; New York; NY 10022,Cell ﻿Phones; Cell ﻿Phone Accessories
Best ﻿Buy,1.5 mi.,Location,622 ﻿Broadway; New York; NY 10012,Computer ﻿Peripherals - External; Printers; Television ﻿Accessories; CD ﻿Players; Curling ﻿Irons; Blu-Ray ﻿Players; Digital ﻿Cameras; Game ﻿Consoles; Receivers; Nickel-cadmium ﻿Batteries; Boomboxes; Paper ﻿Shredders; Office ﻿Machines; Vacuum ﻿Cleaners; Toner ﻿Cartridges; MP3 ﻿Players; CRT ﻿Televisions; LCD ﻿Computer Monitors; Scanners; Desktop ﻿Computers; Lead-acid ﻿Batteries - Non-automotive; CRT ﻿Computer Monitors; VCRs; Tablets; Projectors; Inkjet ﻿Cartridges; DVD ﻿Players; LCD ﻿Televisions; Cell ﻿Phone Accessories; GPS ﻿Systems; Laptop ﻿Computers; Nickel-metal ﻿Hydride Batteries; Small ﻿Appliances; Home ﻿Electronics; Lithium-ion ﻿Batteries; Hard ﻿Drives; Video ﻿Game Peripherals; Cables; Cassette ﻿Players; Cell ﻿Phones; Audio ﻿Equipment; Two-Way ﻿Radios; Telephones; Nickel-zinc ﻿Batteries; Calculators; Computer ﻿Peripherals - Internal
Home ﻿Depot,1.6 mi.,Location,980 ﻿3rd Ave; New York; NY 10022,Cell ﻿Phones; CFLs; Car ﻿Batteries; Nickel-cadmium ﻿Batteries; Lead-acid ﻿Batteries - Non-automotive; Lithium-ion ﻿Batteries
IMobile ﻿LLC,1.8 mi.,Location,1149 ﻿2nd Ave; New York; NY 10022,Cell ﻿Phones; Cell ﻿Phone Accessories
Sprint ﻿Store,1.8 mi.,Location,1048 ﻿Third Ave; New York; NY 10065,Cell ﻿Phones; Cell ﻿Phone Accessories
Project ﻿For Empty Space,2 mi.,Location,137 ﻿Attorney St; New York; NY 10002,Brush; Electronic ﻿Servers; Tools
Cartridge ﻿World,2 mi.,Location,401 ﻿Bloomfield Street; Hoboken; NJ 07030,Inkjet ﻿Cartridges; Toner ﻿Cartridges
PS ﻿199 Cell phone and electronics recycling drive,Program,Not listed,270 ﻿West 70th Street; New York; NY 10023,Inkjet ﻿Cartridges; Toner ﻿Cartridges; MP3 ﻿Players; Cell ﻿Phones; Game ﻿Consoles
P.S. ﻿199 Jessie Isador Straus,2.1 mi.,Location,270 ﻿W 70th St; New York; NY 10023,Inkjet ﻿Cartridges; MP3 ﻿Players; Cell ﻿Phones; CDs; Game ﻿Consoles; Desktop ﻿Computers
IMobile ﻿LLC,2.2 mi.,Location,267 ﻿Amsterdam Ave; New York; NY 10023,Cell ﻿Phones; Cell ﻿Phone Accessories
Hoboken ﻿Department of Public Works - Electronic Waste Drop-off Site,2.3 mi.,Municipal,256 ﻿Observer Highway; Hoboken; NJ 07030,Computer ﻿Peripherals - External; Printers; Television ﻿Accessories; Game ﻿Consoles; Receivers; Digital ﻿Cameras; Paper ﻿Shredders; Office ﻿Machines; MP3 ﻿Players; CRT ﻿Televisions; LCD ﻿Computer Monitors; Desktop ﻿Computers; CRT ﻿Computer Monitors; VCRs; Tablets; LCD ﻿Televisions; Cell ﻿Phone Accessories; GPS ﻿Systems; Laptop ﻿Computers; Small ﻿Appliances; Home ﻿Electronics; Cell ﻿Phones; Cables; Two-Way ﻿Radios; Telephones; Audio ﻿Equipment
Henry ﻿Curbside Electronics Recycling,Program,Not listed,17 ﻿Ludlow St; New York; NY 10002,MP3 ﻿Players; Cell ﻿Phones; Game ﻿Consoles; Desktop ﻿Computers; Office ﻿Machines
Wireless ﻿Ritz,2.4 mi.,Location,817 ﻿Manhattan Ave; Brooklyn; NY 11222,Cell ﻿Phones; Cell ﻿Phone Accessories
Guardian ﻿Data Destruction,2.4 mi.,Location,52-15 ﻿11th St; Queens; NY 11101,MP3 ﻿Players; LCD ﻿Televisions; LCD ﻿Computer Monitors; Telephones; Game ﻿Consoles; Desktop ﻿Computers; Office ﻿Machines
Union ﻿City Department of Public Works - Electronic Waste Drop-off Site,2.5 mi.,Municipal,410 ﻿- 27th Street; Union City; NJ 07087,Computer ﻿Peripherals - External; Printers; Television ﻿Accessories; Game ﻿Consoles; Receivers; Digital ﻿Cameras; Paper ﻿Shredders; Office ﻿Machines; MP3 ﻿Players; CRT ﻿Televisions; LCD ﻿Computer Monitors; Desktop ﻿Computers; CRT ﻿Computer Monitors; VCRs; Tablets; LCD ﻿Televisions; Cell ﻿Phone Accessories; GPS ﻿Systems; Laptop ﻿Computers; Small ﻿Appliances; Home ﻿Electronics; Cell ﻿Phones; Cables; Two-Way ﻿Radios; Telephones; Audio ﻿Equipment
Staples,2.5 mi.,Location,613 ﻿Washington Boulevard; Jersey City; NJ 07310,Computer ﻿Peripherals - External; Printers; Digital ﻿Cameras; Nickel-cadmium ﻿Batteries; Paper ﻿Shredders; Office ﻿Machines; Toner ﻿Cartridges; MP3 ﻿Players; LCD ﻿Computer Monitors; Desktop ﻿Computers; CRT ﻿Computer Monitors; Tablets; Inkjet ﻿Cartridges; Cell ﻿Phone Accessories; GPS ﻿Systems; Laptop ﻿Computers; Lithium-ion ﻿Batteries; Cell ﻿Phones
Target ﻿Store,2.5 mi.,Location,100 ﻿14th St; Jersey City; NJ 07310,Inkjet ﻿Cartridges; MP3 ﻿Players; Cell ﻿Phones; #2 ﻿Plastic Bags; #4 ﻿Plastic Bags
Staples,2.6 mi.,Location,2248 ﻿Broadway; New York; NY 10024,Computer ﻿Peripherals - External; Printers; Digital ﻿Cameras; Nickel-cadmium ﻿Batteries; Paper ﻿Shredders; Office ﻿Machines; Toner ﻿Cartridges; MP3 ﻿Players; LCD ﻿Computer Monitors; Desktop ﻿Computers; CRT ﻿Computer Monitors; Tablets; Inkjet ﻿Cartridges; Cell ﻿Phone Accessories; GPS ﻿Systems; Laptop ﻿Computers; Lithium-ion ﻿Batteries; Cell ﻿Phones
Best ﻿Buy,2.6 mi.,Location,125 ﻿18th St; Jersey City; NJ 07310,Computer ﻿Peripherals - External; Printers; Television ﻿Accessories; CD ﻿Players; Curling ﻿Irons; Blu-Ray ﻿Players; Digital ﻿Cameras; Game ﻿Consoles; Receivers; Nickel-cadmium ﻿Batteries; Boomboxes; Paper ﻿Shredders; Office ﻿Machines; Vacuum ﻿Cleaners; Toner ﻿Cartridges; MP3 ﻿Players; CRT ﻿Televisions; LCD ﻿Computer Monitors; Scanners; Desktop ﻿Computers; Lead-acid ﻿Batteries - Non-automotive; CRT ﻿Computer Monitors; VCRs; Tablets; Projectors; Inkjet ﻿Cartridges; DVD ﻿Players; LCD ﻿Televisions; Cell ﻿Phone Accessories; GPS ﻿Systems; Laptop ﻿Computers; Nickel-metal ﻿Hydride Batteries; Small ﻿Appliances; Home ﻿Electronics; Lithium-ion ﻿Batteries; Hard ﻿Drives; Video ﻿Game Peripherals; Cables; Cassette ﻿Players; Cell ﻿Phones; Audio ﻿Equipment; Two-Way ﻿Radios; Telephones; Nickel-zinc ﻿Batteries; Calculators; Computer ﻿Peripherals - Internal
Sims ﻿Metal Management,2.6 mi.,Location,30-27 ﻿Greenpoint Avenue; Long Island City; NY 11101,Ferrous ﻿Metals; Lawnmowers; Zinc; Tools; Dehumidifiers; Air ﻿Conditioners; Humidifiers; Auto ﻿Parts; Freezers; Barbeque ﻿Grills; Dishwashers; Brass; Copper; Scrap ﻿Metal; Bicycles; Musical ﻿Instruments - Metal; Garden ﻿Tools; Aluminum ﻿Scrap; Pipe; Steel ﻿Cans; Stainless ﻿Steel; Aluminum ﻿Beverage Cans; Stoves; Washer/Dryers; Aluminum ﻿Lids; Nonferrous ﻿Metals; Aluminum ﻿Food Cans; Steel ﻿Lids; Cookware; Refrigerators; Radiators; Metal ﻿Clothes Hangers; Metal ﻿Tags; Heaters; Hardware
Staples,2.7 mi.,Location,217 ﻿Broadway; New York; NY 10007,Computer ﻿Peripherals - External; Printers; Digital ﻿Cameras; Nickel-cadmium ﻿Batteries; Paper ﻿Shredders; Office ﻿Machines; Toner ﻿Cartridges; MP3 ﻿Players; LCD ﻿Computer Monitors; Desktop ﻿Computers; CRT ﻿Computer Monitors; Tablets; Inkjet ﻿Cartridges; Cell ﻿Phone Accessories; GPS ﻿Systems; Laptop ﻿Computers; Lithium-ion ﻿Batteries; Cell ﻿Phones
IMobile ﻿LLC,2.7 mi.,Location,2284 ﻿Broadway; New York; NY 10024,Cell ﻿Phones; Cell ﻿Phone Accessories
Staples,2.7 mi.,Location,217 ﻿Broadway; New York; NY 10007,Computer ﻿Peripherals - External; Printers; Digital ﻿Cameras; Nickel-cadmium ﻿Batteries; Paper ﻿Shredders; Office ﻿Machines; Toner ﻿Cartridges; MP3 ﻿Players; LCD ﻿Computer Monitors; Desktop ﻿Computers; Lead-acid ﻿Batteries - Non-automotive; CRT ﻿Computer Monitors; Tablets; Inkjet ﻿Cartridges; Cell ﻿Phone Accessories; GPS ﻿Systems; Laptop ﻿Computers; Nickel-metal ﻿Hydride Batteries; Lithium-ion ﻿Batteries; Cell ﻿Phones; Nickel-zinc ﻿Batteries
Allocco ﻿Recycling Ltd,2.7 mi.,Location,540 ﻿Kingsland Avenue; Brooklyn; NY 11222,Computer ﻿Peripherals - External; Ferrous ﻿Metals; Printers; Television ﻿Accessories; Lawnmowers; CD ﻿Players; Game ﻿Consoles; Blu-Ray ﻿Players; Digital ﻿Cameras; Receivers; Tools; Auto ﻿Parts; Boomboxes; Paper ﻿Shredders; Office ﻿Machines; MP3 ﻿Players; CRT ﻿Televisions; Brass; LCD ﻿Computer Monitors; Scanners; Copper; Desktop ﻿Computers; Scrap ﻿Metal; CRT ﻿Computer Monitors; Bicycles; VCRs; Musical ﻿Instruments - Metal; Tablets; Projectors; DVD ﻿Players; Garden ﻿Tools; LCD ﻿Televisions; Typewriters; Aluminum ﻿Scrap; Cell ﻿Phone Accessories; Pipe; Electronic ﻿Servers; GPS ﻿Systems; Laptop ﻿Computers; Stainless ﻿Steel; Home ﻿Electronics; Zinc; Hardware; Hard ﻿Drives; Nonferrous ﻿Metals; Cables; Cassette ﻿Players; Cell ﻿Phones; Pagers; Record ﻿Players; Video ﻿Game Peripherals; Audio ﻿Equipment; Two-Way ﻿Radios; Telephones; Cookware; Radiators; Metal ﻿Clothes Hangers; Power ﻿Tools; Calculators; Metal ﻿Tags; Computer ﻿Peripherals - Internal
J&R ﻿Music World,2.7 mi.,Location,23 ﻿Park Row; New York; NY 10038,MP3 ﻿Players; Cell ﻿Phones; Telephones; Game ﻿Consoles; Desktop ﻿Computers; Nickel-cadmium ﻿Batteries; Lithium-ion ﻿Batteries
"Arjay ﻿Telecommunications, Inc.",2.8 mi.,Location,30 ﻿Mall Dr W; Jersey City; NJ 07310,Cell ﻿Phones; Cell ﻿Phone Accessories
Sprint ﻿Store,2.8 mi.,Location,170 ﻿Broadway; New York; NY 10038,Cell ﻿Phones; Cell ﻿Phone Accessories
Mr.e-Waste,2.8 mi.,Location,99 ﻿South 3rd St #220; Loading Dock I; Hudson; NY 12534,Computer ﻿Peripherals - External; Ferrous ﻿Metals; Printers; Television ﻿Accessories; Button ﻿Cell Batteries; Game ﻿Consoles; Receivers; Digital ﻿Cameras; Auto ﻿Parts; Microwaves; Nickel-cadmium ﻿Batteries; Office ﻿Machines; Paper ﻿Shredders; Alkaline ﻿Batteries; Vacuum ﻿Cleaners; Marine ﻿Batteries; Toner ﻿Cartridges; MP3 ﻿Players; CRT ﻿Televisions; LCD ﻿Computer Monitors; Car ﻿Batteries; Desktop ﻿Computers; Lead-acid ﻿Batteries - Non-automotive; CRT ﻿Computer Monitors; Scrap ﻿Metal; VCRs; Tablets; Inkjet ﻿Cartridges; LCD ﻿Televisions; Cell ﻿Phone Accessories; Pipe; GPS ﻿Systems; Laptop ﻿Computers; Small ﻿Appliances; Home ﻿Electronics; Lithium-ion ﻿Batteries; Vehicles; Nonferrous ﻿Metals; Cell ﻿Phones; Cables; Steel ﻿Lids; Telephones; Two-Way ﻿Radios; Metal ﻿Clothes Hangers; Audio ﻿Equipment; Metal ﻿Tags; Medical ﻿Equipment - Large
Home ﻿Depot,2.8 mi.,Location,180 ﻿12th St; Jersey City; NJ 07310,Cell ﻿Phones; CFLs; Car ﻿Batteries; Nickel-cadmium ﻿Batteries; Lead-acid ﻿Batteries - Non-automotive; Lithium-ion ﻿Batteries
Sprint ﻿Store,2.9 mi.,Location,169 ﻿E 86th St; New York; NY 10128,Cell ﻿Phones; Cell ﻿Phone Accessories
West ﻿New York Department of Public Works - Electronic Waste Drop-off Site,2.9 mi.,Municipal,6200 ﻿Broadway; West New York; NJ 07093,Computer ﻿Peripherals - External; Printers; Television ﻿Accessories; Game ﻿Consoles; Receivers; Digital ﻿Cameras; Paper ﻿Shredders; Office ﻿Machines; MP3 ﻿Players; CRT ﻿Televisions; LCD ﻿Computer Monitors; Desktop ﻿Computers; CRT ﻿Computer Monitors; VCRs; Tablets; LCD ﻿Televisions; Cell ﻿Phone Accessories; GPS ﻿Systems; Laptop ﻿Computers; Small ﻿Appliances; Home ﻿Electronics; Cell ﻿Phones; Cables; Two-Way ﻿Radios; Telephones; Audio ﻿Equipment
Sprint ﻿Store,2.9 mi.,Location,3101 ﻿John F Kennedy Blvd W; North Bergen; NJ 07047,Cell ﻿Phones; Cell ﻿Phone Accessories
Best ﻿Buy,2.9 mi.,Location,1280 ﻿Lexington Ave; New York; NY 10028,Computer ﻿Peripherals - External; Printers; Television ﻿Accessories; CD ﻿Players; Curling ﻿Irons; Blu-Ray ﻿Players; Digital ﻿Cameras; Game ﻿Consoles; Receivers; Nickel-cadmium ﻿Batteries; Boomboxes; Paper ﻿Shredders; Office ﻿Machines; Vacuum ﻿Cleaners; Toner ﻿Cartridges; MP3 ﻿Players; CRT ﻿Televisions; LCD ﻿Computer Monitors; Scanners; Desktop ﻿Computers; Lead-acid ﻿Batteries - Non-automotive; CRT ﻿Computer Monitors; VCRs; Tablets; Projectors; Inkjet ﻿Cartridges; DVD ﻿Players; LCD ﻿Televisions; Cell ﻿Phone Accessories; GPS ﻿Systems; Laptop ﻿Computers; Nickel-metal ﻿Hydride Batteries; Small ﻿Appliances; Home ﻿Electronics; Lithium-ion ﻿Batteries; Hard ﻿Drives; Video ﻿Game Peripherals; Cables; Cassette ﻿Players; Cell ﻿Phones; Audio ﻿Equipment; Two-Way ﻿Radios; Telephones; Nickel-zinc ﻿Batteries; Calculators; Computer ﻿Peripherals - Internal
Asd,2.9 mi.,Location,120 ﻿E 87th St; New York; NY 10128,Innertubes; #5 ﻿Plastic Clamshells; Cell ﻿Phone Accessories; Auto ﻿Bodies; Car ﻿Batteries; #6 ﻿Plastic Peanuts
Staples,2.9 mi.,Location,3113 ﻿John F Kennedy Boulevard West; Union City; NJ 07087,Computer ﻿Peripherals - External; Printers; Digital ﻿Cameras; Nickel-cadmium ﻿Batteries; Paper ﻿Shredders; Office ﻿Machines; Toner ﻿Cartridges; MP3 ﻿Players; LCD ﻿Computer Monitors; Desktop ﻿Computers; CRT ﻿Computer Monitors; Tablets; Inkjet ﻿Cartridges; Cell ﻿Phone Accessories; GPS ﻿Systems; Laptop ﻿Computers; Lithium-ion ﻿Batteries; Cell ﻿Phones
Staples,2.9 mi.,Location,1280 ﻿Lexington Avenue; New York; NY 10028,Computer ﻿Peripherals - External; Printers; Digital ﻿Cameras; Nickel-cadmium ﻿Batteries; Paper ﻿Shredders; Office ﻿Machines; Toner ﻿Cartridges; MP3 ﻿Players; LCD ﻿Computer Monitors; Desktop ﻿Computers; CRT ﻿Computer Monitors; Tablets; Inkjet ﻿Cartridges; Cell ﻿Phone Accessories; GPS ﻿Systems; Laptop ﻿Computers; Lithium-ion ﻿Batteries; Cell ﻿Phones
"The ﻿Phone Center, Inc",3 mi.,Location,120 ﻿Water St; New York; NY 10005,Cell ﻿Phones; Cell ﻿Phone Accessories
Advanced ﻿Cellular Solutions,3 mi.,Location,52-14 ﻿34th St; Long Island City; NY 11101,Computer ﻿Peripherals - External; Printers; Television ﻿Accessories; Game ﻿Consoles; Receivers; Digital ﻿Cameras; Nickel-cadmium ﻿Batteries; Paper ﻿Shredders; Office ﻿Machines; Marine ﻿Batteries; Toner ﻿Cartridges; MP3 ﻿Players; Car ﻿Batteries; Desktop ﻿Computers; Lead-acid ﻿Batteries - Non-automotive; VCRs; Tablets; Inkjet ﻿Cartridges; Cell ﻿Phone Accessories; Floppy ﻿Disks; GPS ﻿Systems; Laptop ﻿Computers; Lithium-ion ﻿Batteries; Home ﻿Electronics; Cell ﻿Phones; Cables; Two-Way ﻿Radios; Telephones; Audio ﻿Equipment
Hudson ﻿County Household Hazardous Waste Collection Program,Municipal,Program,Jersey City; NJ 07302,Varnish; Photographic ﻿Chemicals; Printers; Button ﻿Cell Batteries; CD ﻿Players; Boomboxes; Lice ﻿Shampoo; Lighter ﻿Fluid; Hair ﻿Dye; Insecticides; Desktop ﻿Computers; Lead-acid ﻿Batteries - Non-automotive; Projectors; Hydraulic ﻿Fluid; DVD ﻿Players; Paint ﻿Strippers; Cell ﻿Phone Accessories; Aerosol ﻿Cans - Empty; Motor ﻿Oil; Cables; Cell ﻿Phones; Fluorescent ﻿Tubes; Brake ﻿Fluid; Gas/Oil ﻿Mixture; Calculators; Oil-Based ﻿Paint; Sealers; Television ﻿Accessories; Oil ﻿Filters; Solvents; Wood ﻿Stains; Game ﻿Consoles; Blu-Ray ﻿Players; Antifreeze; Office ﻿Machines; Engine ﻿Degreasers; LCD ﻿Computer Monitors; Herbicides; Car ﻿Batteries; Adhesives; LCD ﻿Televisions; Fertilizers; Road ﻿Flares; Gasoline; Nail ﻿Polish Removers; Home ﻿Electronics; Cassette ﻿Players; Telephones; Nickel-zinc ﻿Batteries; Audio ﻿Equipment; Computer ﻿Peripherals - Internal; Fire ﻿Extinguishers; Pool ﻿Chemicals; CFLs; Nickel-cadmium ﻿Batteries; Car ﻿Fluids; CRT ﻿Computer Monitors; Power ﻿Steering Fluid; Typewriters; Pesticides; Record ﻿Players; Aerosol ﻿Cans - Full; Two-Way ﻿Radios; Propane ﻿Tanks; Chemistry ﻿Sets; Computer ﻿Peripherals - External; Transmission ﻿Fluid; Kerosene; Lead ﻿Paint Chips; Hair ﻿Spray; Receivers; Digital ﻿Cameras; Mercury ﻿Thermostats; Paper ﻿Shredders; Lacquer; MP3 ﻿Players; Cooking ﻿Oil; Household ﻿Cleaners; CRT ﻿Televisions; HHW; Fungicides; VCRs; Tablets; Items ﻿Containing Mercury; Acids; Paint ﻿Thinners; Nail ﻿Polish; Electronic ﻿Servers; GPS ﻿Systems; Laptop ﻿Computers; Nickel-metal ﻿Hydride Batteries; Lithium-ion ﻿Batteries; Hard ﻿Drives; Pagers
Staples,3.3 mi.,Location,535 ﻿Morgan Avenue; Brooklyn; NY 11222,Computer ﻿Peripherals - External; Printers; Digital ﻿Cameras; Nickel-cadmium ﻿Batteries; Paper ﻿Shredders; Office ﻿Machines; Toner ﻿Cartridges; MP3 ﻿Players; LCD ﻿Computer Monitors; Desktop ﻿Computers; CRT ﻿Computer Monitors; Tablets; Inkjet ﻿Cartridges; Cell ﻿Phone Accessories; GPS ﻿Systems; Laptop ﻿Computers; Lithium-ion ﻿Batteries; Cell ﻿Phones
"NYC ﻿SAFE (Solvents, Automotive, Flammable, Electronics) Disposal Event - Manhattan",Municipal,Program,New York; NY 10029,Varnish; Photographic ﻿Chemicals; Printers; Button ﻿Cell Batteries; CD ﻿Players; Boomboxes; Microwaves; Tires; Lice ﻿Shampoo; Lighter ﻿Fluid; Hair ﻿Dye; Insecticides; Desktop ﻿Computers; Lead-acid ﻿Batteries - Non-automotive; Projectors; Hydraulic ﻿Fluid; DVD ﻿Players; Paint ﻿Strippers; Cell ﻿Phone Accessories; Aerosol ﻿Cans - Empty; Motor ﻿Oil; Cables; Cell ﻿Phones; Fluorescent ﻿Tubes; Brake ﻿Fluid; Gas/Oil ﻿Mixture; Calculators; Oil-Based ﻿Paint; Sealers; Television ﻿Accessories; Oil ﻿Filters; Solvents; Wood ﻿Stains; Game ﻿Consoles; Blu-Ray ﻿Players; Antifreeze; Office ﻿Machines; Engine ﻿Degreasers; LCD ﻿Computer Monitors; Zinc-carbon ﻿Batteries; Herbicides; Car ﻿Batteries; Adhesives; Truck ﻿Tires; LCD ﻿Televisions; Fertilizers; Gasoline; Nail ﻿Polish Removers; Smoke ﻿Detectors; Home ﻿Electronics; Cassette ﻿Players; Latex ﻿Paint; Telephones; Nickel-zinc ﻿Batteries; Audio ﻿Equipment; Computer ﻿Peripherals - Internal; Lithium ﻿Batteries; Pool ﻿Chemicals; CFLs; Nickel-cadmium ﻿Batteries; Alkaline ﻿Batteries; Car ﻿Fluids; CRT ﻿Computer Monitors; Power ﻿Steering Fluid; Typewriters; Silver-oxide ﻿Batteries; Pesticides; Record ﻿Players; Aerosol ﻿Cans - Full; Two-Way ﻿Radios; Chemistry ﻿Sets; Computer ﻿Peripherals - External; Transmission ﻿Fluid; Kerosene; Hair ﻿Spray; Zinc-air ﻿Batteries; Receivers; Digital ﻿Cameras; Mercury ﻿Thermostats; Paper ﻿Shredders; Marine ﻿Batteries; Lacquer; MP3 ﻿Players; Household ﻿Cleaners; CRT ﻿Televisions; HHW; Fungicides; VCRs; Tablets; Items ﻿Containing Mercury; Acids; Paint ﻿Thinners; Nail ﻿Polish; Electronic ﻿Servers; GPS ﻿Systems; Laptop ﻿Computers; Nickel-metal ﻿Hydride Batteries; Lithium-ion ﻿Batteries; Hard ﻿Drives; Pagers
P.C.S. ﻿Superstore Inc,3.5 mi.,Location,2590 ﻿Broadway; New York; NY 10025,Cell ﻿Phones; Cell ﻿Phone Accessories
Wireless ﻿Ritz,3.6 mi.,Location,755 ﻿Grand St; Brooklyn; NY 11211,Cell ﻿Phones; Cell ﻿Phone Accessories
IMobile ﻿LLC,3.7 mi.,Location,147 ﻿Montague St; Brooklyn; NY 11201,Cell ﻿Phones; Cell ﻿Phone Accessories
North ﻿Bergen MUA - Electronic Waste Drop-off Site,3.7 mi.,Municipal,6200 ﻿Tonnelle Avenue; North Bergen; NJ 07047,Computer ﻿Peripherals - External; Printers; Television ﻿Accessories; Game ﻿Consoles; Receivers; Digital ﻿Cameras; Paper ﻿Shredders; Office ﻿Machines; MP3 ﻿Players; CRT ﻿Televisions; LCD ﻿Computer Monitors; Desktop ﻿Computers; CRT ﻿Computer Monitors; VCRs; Tablets; LCD ﻿Televisions; Cell ﻿Phone Accessories; GPS ﻿Systems; Laptop ﻿Computers; Small ﻿Appliances; Home ﻿Electronics; Cell ﻿Phones; Cables; Two-Way ﻿Radios; Telephones; Audio ﻿Equipment
"Morgen ﻿Industries, Inc.",3.8 mi.,Location,701 ﻿Penhorn Ave; Secaucus; NJ 07094,Toner ﻿Cartridges; Cell ﻿Phones; LCD ﻿Televisions; LCD ﻿Computer Monitors; Telephones; Desktop ﻿Computers; Office ﻿Machines
TNT ﻿Scrap Metal,3.8 mi.,Location,340 ﻿Maspeth Ave; Brooklyn; NY 11211,Ferrous ﻿Metals; Lawnmowers; Zinc; Tools; Auto ﻿Parts; Brass; Copper; Desktop ﻿Computers; Scrap ﻿Metal; Bicycles; Musical ﻿Instruments - Metal; Garden ﻿Tools; Aluminum ﻿Scrap; Pipe; Laptop ﻿Computers; Stainless ﻿Steel; Nonferrous ﻿Metals; Cables; Cookware; Radiators; Metal ﻿Clothes Hangers; Metal ﻿Tags; Hardware
Redwood ﻿Materials (located inside at Rad Power Bikes),3.8 mi.,Location,Rad ﻿Power Bikes; 25 Kent Ave.; Brooklyn; NY 11249,Smartwatches; Toys; Game ﻿Consoles; Digital ﻿Cameras; Vacuum ﻿Cleaners; MP3 ﻿Players; Toothbrushes; Hoverboards; Bicycles; Tablets; GPS ﻿Systems; Laptop ﻿Computers; Nickel-metal ﻿Hydride Batteries; Lithium-ion ﻿Batteries; Home ﻿Electronics; Smartphones; Video ﻿Game Peripherals; Cell ﻿Phones; Pagers; Two-Way ﻿Radios; Telephones; Power ﻿Tools; Medical ﻿Equipment - Handheld; Medical ﻿Equipment - Large
Secaucus ﻿Department of Public Works - Electronic Waste Drop-off Site,3.9 mi.,Municipal,370 ﻿Secaucus Road; Secaucus; NJ 07094,Computer ﻿Peripherals - External; Printers; Television ﻿Accessories; Game ﻿Consoles; Receivers; Digital ﻿Cameras; Paper ﻿Shredders; Office ﻿Machines; MP3 ﻿Players; CRT ﻿Televisions; LCD ﻿Computer Monitors; Desktop ﻿Computers; CRT ﻿Computer Monitors; VCRs; Tablets; LCD ﻿Televisions; Cell ﻿Phone Accessories; GPS ﻿Systems; Laptop ﻿Computers; Small ﻿Appliances; Home ﻿Electronics; Cell ﻿Phones; Cables; Two-Way ﻿Radios; Telephones; Audio ﻿Equipment
P.C.S. ﻿Superstore Inc,3.9 mi.,Location,395 ﻿Jay St; Brooklyn; NY 11201,Cell ﻿Phones; Cell ﻿Phone Accessories
Home ﻿Depot,3.9 mi.,Location,1055 ﻿Paterson Plank Rd; Secaucus; NJ 07094,Cell ﻿Phones; CFLs; Car ﻿Batteries; Nickel-cadmium ﻿Batteries; Lead-acid ﻿Batteries - Non-automotive; Lithium-ion ﻿Batteries
eRecycleNY,Program,Not listed,65 ﻿Emerson Place; Brooklyn; NY 11205,Cell ﻿Phones; LCD ﻿Televisions; LCD ﻿Computer Monitors; Telephones; Game ﻿Consoles; Desktop ﻿Computers; Office ﻿Machines
Sprint ﻿Store,4 mi.,Location,456 ﻿Fulton St; Brooklyn; NY 11201,Cell ﻿Phones; Cell ﻿Phone Accessories
The ﻿Customer Center LLC,4 mi.,Location,2831 ﻿John F Kennedy Blvd W; Jersey City; NJ 07306,Cell ﻿Phones; Cell ﻿Phone Accessories
Target ﻿Store,4 mi.,Location,7101 ﻿Tonnelle Ave; North Bergen; NJ 07047,Inkjet ﻿Cartridges; MP3 ﻿Players; Cell ﻿Phones; #2 ﻿Plastic Bags; #4 ﻿Plastic Bags
"Mobile ﻿City NY, LLC",4 mi.,Location,2803 ﻿Broadway; New York; NY 10025,Cell ﻿Phones; Cell ﻿Phone Accessories
1-800-GOT-JUNK?,Program,Not listed,100 ﻿Dorigo Lane; Unit F; Secaucus; NJ 07094,Eyeglasses; Pallets; Sporting ﻿Goods; Tires; Toner ﻿Cartridges; Cassette ﻿Tapes; Sand; Household ﻿Furniture; Yoga ﻿Mats; Trophies; Desktop ﻿Computers; Scrap ﻿Metal; Inkjet ﻿Cartridges; Plastic ﻿Cards; Tennis ﻿Balls; Mattresses; Linens; Arts ﻿and Crafts Supplies; #5 ﻿Plastic Caps; #2 ﻿Plastic Bags; Blue ﻿Glass Beverage Containers; Asphalt; Cell ﻿Phones; Shoes; Windows; Sawdust; #6 ﻿Plastic Bottles; Stone; #2 ﻿Plastic Film; Dirt; Waxed ﻿Cardboard; Medical ﻿Equipment - Large; Soiled ﻿Paper; Grass ﻿Clippings; Hardware; Wood; Ferrous ﻿Metals; Game ﻿Consoles; Greeting ﻿Cards; Office ﻿Machines; Neon ﻿Lights; Tile; Fabric; LCD ﻿Computer Monitors; Mixed ﻿Paper; Manure; Treated ﻿Glass Containers; Gift ﻿Boxes; LCD ﻿Televisions; String ﻿Lights; Floppy ﻿Disks; Lighting ﻿Ballasts; Construction ﻿Debris; Nonferrous ﻿Metals; Compostable ﻿Plastics; Ceiling ﻿Tiles; Telephones; Carpet ﻿Padding; Corrugated ﻿Cardboard; Metal ﻿Clothes Hangers; Milk ﻿and Juice Cartons; Wood ﻿Chips; Leaves; Ceramic ﻿Tile; Light ﻿Fixtures; Organic ﻿Food Waste; Paperboard; Construction ﻿Materials; Corks; #6 ﻿Plastic - Expanded; Paperback ﻿Books; Clothing; #7 ﻿Plastic Bottles; Dishwashers; Shingles; Yard ﻿Waste; Mannequins; Branches; Doors; Concrete; Wood ﻿Furnishings; Magazines; Carpet; Gypsum ﻿Drywall; #3 ﻿Plastic Bottles; Steel ﻿Cans; Office ﻿Paper; Small ﻿Appliances; Water ﻿Filters; Weeds; Hay; Ornaments; Surfboards; #5 ﻿Plastic Bottles; Linoleum; Cookware; Tyvek ﻿Envelopes; Brown ﻿Glass Beverage Containers; Gift ﻿Bags; Paper ﻿Bags; #1 ﻿Plastic Beverage Bottles; CDs; #2 ﻿Plastic Jugs - Colored; Toys; Lawnmowers; Tools; MP3 ﻿Players; Baby ﻿Products; Bicycles; Catalogs; Musical ﻿Instruments - Metal; Shredded ﻿Paper; Video ﻿Tapes; #4 ﻿Plastic Bottles; Brick; Pipe; Newspaper; Green ﻿Glass Beverage Containers; Roofing ﻿Materials; Brush; Innertubes; Porcelain ﻿Products; Clear ﻿Glass Beverage Containers; #2 ﻿Plastic Jugs - Clear; Chipboard; Lumber; Vinyl ﻿Records; #6 ﻿Plastic Peanuts; Phone ﻿Books
Sprint ﻿Store,4.1 mi.,Location,30-30 ﻿Steinway St; Astoria; NY 11103,Cell ﻿Phones; Cell ﻿Phone Accessories
Home ﻿Depot,4.2 mi.,Location,7605 ﻿Tonnelle Ave; North Bergen; NJ 07047,Cell ﻿Phones; CFLs; Car ﻿Batteries; Nickel-cadmium ﻿Batteries; Lead-acid ﻿Batteries - Non-automotive; Lithium-ion ﻿Batteries
Best ﻿Buy,4.2 mi.,Location,5001 ﻿Northern Blvd; Queens; NY 11101,Computer ﻿Peripherals - External; Printers; Television ﻿Accessories; CD ﻿Players; Curling ﻿Irons; Blu-Ray ﻿Players; Digital ﻿Cameras; Game ﻿Consoles; Receivers; Nickel-cadmium ﻿Batteries; Boomboxes; Paper ﻿Shredders; Office ﻿Machines; Vacuum ﻿Cleaners; Toner ﻿Cartridges; MP3 ﻿Players; CRT ﻿Televisions; LCD ﻿Computer Monitors; Scanners; Desktop ﻿Computers; Lead-acid ﻿Batteries - Non-automotive; CRT ﻿Computer Monitors; VCRs; Tablets; Projectors; Inkjet ﻿Cartridges; DVD ﻿Players; LCD ﻿Televisions; Cell ﻿Phone Accessories; GPS ﻿Systems; Laptop ﻿Computers; Nickel-metal ﻿Hydride Batteries; Small ﻿Appliances; Home ﻿Electronics; Lithium-ion ﻿Batteries; Hard ﻿Drives; Video ﻿Game Peripherals; Cables; Cassette ﻿Players; Cell ﻿Phones; Audio ﻿Equipment; Two-Way ﻿Radios; Telephones; Nickel-zinc ﻿Batteries; Calculators; Computer ﻿Peripherals - Internal
Home ﻿Depot,4.2 mi.,Location,50-10 ﻿Northern Blvd; Queens; NY 11101,Cell ﻿Phones; CFLs; Car ﻿Batteries; Nickel-cadmium ﻿Batteries; Lead-acid ﻿Batteries - Non-automotive; Lithium-ion ﻿Batteries
Staples,4.3 mi.,Location,24-41 ﻿31st Street; Queens; NY 11102,Computer ﻿Peripherals - External; Printers; Digital ﻿Cameras; Nickel-cadmium ﻿Batteries; Paper ﻿Shredders; Office ﻿Machines; Toner ﻿Cartridges; MP3 ﻿Players; LCD ﻿Computer Monitors; Desktop ﻿Computers; CRT ﻿Computer Monitors; Tablets; Inkjet ﻿Cartridges; Cell ﻿Phone Accessories; GPS ﻿Systems; Laptop ﻿Computers; Lithium-ion ﻿Batteries; Cell ﻿Phones
- ﻿Big Sky Recycling -,Mail-in,Program,3860 ﻿SE Naef Rd #68025; Portland; OR 97267,MP3 ﻿Players; Cell ﻿Phones; Tablets
- ﻿iPhone Antidote -,Mail-in,Program,4040 ﻿Civic Center Drive; Suite 200; San Rafael; CA 94903,MP3 ﻿Players; Cell ﻿Phones; Cell ﻿Phone Accessories; Laptop ﻿Computers; Tablets
Ace ﻿Recycling Inc.,Mail-in,Program,219 ﻿MURRAY STREET; Fort Wayne; IN 46803,Inkjet ﻿Cartridges; Toner ﻿Cartridges; Cell ﻿Phones
"AM ﻿Exclusive Business Machines, Inc.",Mail-in,Program,79-63 ﻿77th Ave; Glendale; NY 11385,Inkjet ﻿Cartridges; Toner ﻿Cartridges
American ﻿Foundation for Children with AIDS,Mail-in,Program,6221 ﻿Blue Grass Ave; Harrisburg; PA 17112,Medical ﻿Equipment - Large
Apple ﻿Recycling Program,Mail-in,Program,Cupertino; CA 95014,MP3 ﻿Players; Cell ﻿Phones; LCD ﻿Computer Monitors; Laptop ﻿Computers; Desktop ﻿Computers; Tablets
Back ﻿Thru The Future Hard Drive Recycling Program,Mail-in,Program,1 ﻿Park Dr; Suite 9; Franklin; NJ 07416,Hard ﻿Drives
Barclay ﻿Enterprises T-Waste Recycling Program,Mail-in,Program,Colton; CA 92324,Cell ﻿Phones; Telephones
Best ﻿Buy Technology Recycling Box,Mail-in,Program,;,Home ﻿Electronics
Big ﻿Green Box,Mail-in,Program,265 ﻿Quarry Road Southeast; Lancaster; OH 43130,Lithium ﻿Batteries; MP3 ﻿Players; Cell ﻿Phones; Silver-oxide ﻿Batteries; Lithium-ion ﻿Batteries; Zinc-carbon ﻿Batteries; Laptop ﻿Computers; Nickel-metal ﻿Hydride Batteries; Nickel-cadmium ﻿Batteries; Lead-acid ﻿Batteries - Non-automotive; Alkaline ﻿Batteries; Tablets
Brother ﻿Cartridge Collection Program,Mail-in,Program,Memphis; TN 38133,Inkjet ﻿Cartridges; Toner ﻿Cartridges
BulbCycle,Mail-in,Program,7770 ﻿Regents Road; #113 Suite #547; San Diego; CA 92122,Lighting ﻿Ballasts; Lithium ﻿Batteries; Light ﻿Fixtures; Fluorescent ﻿Tubes; CFLs; Lithium-ion ﻿Batteries; Zinc-carbon ﻿Batteries; Mercury ﻿Thermostats; Tablets
"Buyback ﻿Boss -- Get paid for recycling smartphones, tablets and smartwatches",Mail-in,Program,450 ﻿N 54th St; Chandler; AZ 85226,Smartwatches; Smartphones; Tablets
BuyMyTronics,Mail-in,Program,5855 ﻿Stapleton Drive N; Unit A-155; Denver; CO 80216,MP3 ﻿Players; Cell ﻿Phones; Cell ﻿Phone Accessories; Game ﻿Consoles; Digital ﻿Cameras; GPS ﻿Systems; Laptop ﻿Computers
C&I ﻿Electronics,Mail-in,Program,1700 ﻿N Lafayette Ave; Evansville; IN 47711,Computer ﻿Peripherals - External; Printers; Television ﻿Accessories; Game ﻿Consoles; Receivers; Digital ﻿Cameras; Paper ﻿Shredders; Office ﻿Machines; MP3 ﻿Players; LCD ﻿Computer Monitors; Desktop ﻿Computers; CRT ﻿Computer Monitors; VCRs; Tablets; Inkjet ﻿Cartridges; LCD ﻿Televisions; Cell ﻿Phone Accessories; GPS ﻿Systems; Laptop ﻿Computers; Home ﻿Electronics; Cell ﻿Phones; Cables; Two-Way ﻿Radios; Telephones; Audio ﻿Equipment; Medical ﻿Equipment - Large
"Canon, ﻿Inc.",Mail-in,Program,5980 ﻿Industrial Drive; Gloucester; VA 23061,Inkjet ﻿Cartridges; Toner ﻿Cartridges
Capstone ﻿Wireless,Mail-in,Program,10610 ﻿Metric Dr #178; Dallas; TX 75243,Cell ﻿Phones; Button ﻿Cell Batteries; Nickel-cadmium ﻿Batteries; Lithium-ion ﻿Batteries
CartridgeFundraising.com,Mail-in,Program,Rochester; NY 14609,Inkjet ﻿Cartridges; Toner ﻿Cartridges; Cell ﻿Phones
Cartridges ﻿for Kids,Mail-in,Program,Loveland; CO 80538,Inkjet ﻿Cartridges; Toner ﻿Cartridges; Cell ﻿Phones; Game ﻿Consoles; Laptop ﻿Computers; Tablets
Cash ﻿For Smartphones,Mail-in,Program,84 ﻿Coney Island; Sparks; NV 89431,Cell ﻿Phones
CashforiPhones,Mail-in,Program,84 ﻿Coney Island; Sparks; NV 89431,Laptop ﻿Computers; Cell ﻿Phones; Tablets
Castaway ﻿Technologies LLC,Mail-in,Program,57 ﻿Chase Street; Methuen; MA 01844,LCD ﻿Computer Monitors; Desktop ﻿Computers
Castle ﻿Ink,Mail-in,Program,37 ﻿Wyckoff St; Greenlawn; NY 11740,Inkjet ﻿Cartridges; Toner ﻿Cartridges
CD ﻿Recycling Center of America,Mail-in,Program,68 ﻿E Stiles Road; Salem; NH 03079,Inkjet ﻿Cartridges; Cell ﻿Phones; CDs; CD ﻿Cases; Cell ﻿Phone Accessories; DVDs; Floppy ﻿Disks
Cell ﻿Funds,Mail-in,Program,14429 ﻿Ventura Blvd; Sherman Oaks; CA 91423,Cell ﻿Phones
Cell ﻿Phones for Soldiers,Mail-in,Program,Norwell; MA 02061,Cell ﻿Phones
Cellucycle ﻿Cell Phone Recycling,Mail-in,Program,12562 ﻿SW Main St; Tigard; OR 97223,Cell ﻿Phones
Cellular ﻿Recycler,Mail-in,Program,4840 ﻿Sterling Dr. Unit A; Boulder; CO 80301,Cell ﻿Phones
"Chemwise, ﻿Inc.",Mail-in,Program,316 ﻿E Sandusky St; Findlay; OH 45840,Toner ﻿Cartridges; Inkjet ﻿Cartridges; Items ﻿Containing Mercury; Photographic ﻿Chemicals; Clear ﻿Glass Beverage Containers; Ferrous ﻿Metals; Solvents; Fluorescent ﻿Tubes; CFLs; Chemistry ﻿Sets; Nail ﻿Polish; Mercury ﻿Thermostats; Medical ﻿Equipment - Large
Coastal ﻿Recycling Centers,Mail-in,Program,42-280 ﻿Beacon Hill; Suite D-10; Palm Desert; CA 92211,Inkjet ﻿Cartridges; Toner ﻿Cartridges; Cell ﻿Phones
CURE ﻿Recycling,Mail-in,Program,Woodstock; GA 30188,Inkjet ﻿Cartridges; Toner ﻿Cartridges; MP3 ﻿Players; Cell ﻿Phones; Digital ﻿Cameras; Laptop ﻿Computers; Tablets
Cyber ﻿Acoustics Bulk Headset Recycling program,Mail-in,Program,3109 ﻿NE 109th Ave; Vancouver; WA 98682,Computer ﻿Peripherals - External; Home ﻿Electronics; Audio ﻿Equipment
Dell ﻿Global Recycling,Mail-in,Program,Round Rock; TX 78682,Inkjet ﻿Cartridges; Toner ﻿Cartridges; LCD ﻿Computer Monitors; Desktop ﻿Computers
Disc ﻿Replay,Mail-in,Program,1418 ﻿Butterfield Rd; Downers Grove; IL 60515,Video ﻿Game Peripherals; Cell ﻿Phones; LCD ﻿Televisions; CDs; LCD ﻿Computer Monitors; DVDs; Game ﻿Consoles; Blu-Ray ﻿Players; Laptop ﻿Computers; Calculators; Video ﻿Game Cartridges; Tablets
Domesitc ﻿Violence Advocacy Program Emergency Cell Phone Collection,Mail-in,Program,PO ﻿Box 30; Mechanicville; NY 12118,Cell ﻿Phones
e-Cycle ﻿LLC,Mail-in,Program,4105 ﻿Leap Road; Hilliard; OH 43026,Cell ﻿Phones; Cell ﻿Phone Accessories; Tablets
e-Cycle ﻿LLC Headquarters,Mail-in,Program,7775 ﻿Walton Parkway; Suite 250; New Albany; OH 43054,Cell ﻿Phones; Cell ﻿Phone Accessories; Tablets
e-Cycle ﻿LLC.,Mail-in,Program,4105 ﻿Leap Rd; Hilliard; OH 43026,Cell ﻿Phones; Cell ﻿Phone Accessories; Tablets
ECO-CELL,Mail-in,Program,1726 ﻿Mellwood Ave; Louisville; KY 40206,MP3 ﻿Players; Cell ﻿Phones; Cell ﻿Phone Accessories; Game ﻿Consoles; Digital ﻿Cameras; GPS ﻿Systems; Laptop ﻿Computers; VCRs; Tablets
ECOmm ﻿Recycling,Mail-in,Program,Belleview; FL 34421,Cell ﻿Phones; Cell ﻿Phone Accessories
EcoPhones ﻿Electronics Recycling,Mail-in,Program,Dallas; TX 75220,Inkjet ﻿Cartridges; MP3 ﻿Players; Cell ﻿Phones
eCycle ﻿B.E.S.T.,Mail-in,Program,994 ﻿Glendale Ave #1; Sparks; NV 89431,VCRs; MP3 ﻿Players; Cell ﻿Phones; LCD ﻿Televisions; LCD ﻿Computer Monitors; Game ﻿Consoles; Digital ﻿Cameras; GPS ﻿Systems; Laptop ﻿Computers; Desktop ﻿Computers; Office ﻿Machines; Home ﻿Electronics; Tablets
eCycle ﻿Group,Mail-in,Program,416 ﻿Bryant Circle; Ste E; Ojai; CA 93023,Inkjet ﻿Cartridges; Toner ﻿Cartridges; Cell ﻿Phones
Educational ﻿Assistance Limited,Mail-in,Program,Glen Ellyn; IL 60138,Household ﻿Furniture; LCD ﻿Computer Monitors; Tools; Scrap ﻿Metal; Office ﻿Furniture
Elarasys,Mail-in,Program,180 ﻿Corporate Dr; Elgin; IL 60123,Office ﻿Machines
Enviro ﻿Solutions,Mail-in,Program,Lexington; SC 29071,Inkjet ﻿Cartridges; MP3 ﻿Players; Cell ﻿Phones
EnviroSmart.org ﻿Mail In Program,Mail-in,Program,600 ﻿Montour Drive; Richmond; VA 23236,Inkjet ﻿Cartridges; Toner ﻿Cartridges; Cell ﻿Phones
EraseMyLaptop,Mail-in,Program,427 ﻿Greenwich St; Philadelphia; PA 19147,Laptop ﻿Computers
EverLights,Mail-in,Program,1105 ﻿Stevenson Ct; Roselle; IL 60172,Printers; Button ﻿Cell Batteries; CFLs; Mercury ﻿Thermostats; Nickel-cadmium ﻿Batteries; Paper ﻿Shredders; Office ﻿Machines; Alkaline ﻿Batteries; Marine ﻿Batteries; Toner ﻿Cartridges; Neon ﻿Lights; CRT ﻿Televisions; Car ﻿Batteries; Lead-acid ﻿Batteries - Non-automotive; LCD ﻿Televisions; Small ﻿Appliances; Lithium-ion ﻿Batteries; Lighting ﻿Ballasts; Fluorescent ﻿Tubes
Evolve ﻿Recycling,Mail-in,Program,380 ﻿East Bayfront Pkwy; Erie; PA 16507,Inkjet ﻿Cartridges; Toner ﻿Cartridges; MP3 ﻿Players; Cell ﻿Phones; Digital ﻿Cameras; GPS ﻿Systems; Laptop ﻿Computers
Evolve ﻿Recycling,Mail-in,Program,2700 ﻿W Higgins Road; Hoffman Estates; IL 60169,Inkjet ﻿Cartridges; Toner ﻿Cartridges; MP3 ﻿Players; Cell ﻿Phones; Digital ﻿Cameras; Laptop ﻿Computers
EWASTE+ ﻿Sony Mail-Back Program,Mail-in,Program,7318 ﻿Victor- Mendon Road; Victor; NY 14564,Computer ﻿Peripherals - External; Printers; CD ﻿Players; Game ﻿Consoles; Blu-Ray ﻿Players; CRT ﻿Televisions; LCD ﻿Computer Monitors; Scanners; Desktop ﻿Computers; VCRs; CRT ﻿Computer Monitors; Tablets; DVD ﻿Players; LCD ﻿Televisions; Laptop ﻿Computers; Small ﻿Appliances; Cassette ﻿Players; Computer ﻿Peripherals - Internal
EZ ﻿on the Earth,Mail-in,Program,Greenwood; IN 46143,Lithium ﻿Batteries; Zinc-air ﻿Batteries; Button ﻿Cell Batteries; CFLs; Mercury ﻿Thermostats; Nickel-cadmium ﻿Batteries; Halogen ﻿Bulbs; Alkaline ﻿Batteries; Neon ﻿Lights; Zinc-carbon ﻿Batteries; Desktop ﻿Computers; Lead-acid ﻿Batteries - Non-automotive; Incandescent ﻿Lightbulbs; Items ﻿Containing Mercury; Silver-oxide ﻿Batteries; Laptop ﻿Computers; Nickel-metal ﻿Hydride Batteries; Smoke ﻿Detectors; Lithium-ion ﻿Batteries; Hard ﻿Drives; Lighting ﻿Ballasts; Cables; Fluorescent ﻿Tubes; Nickel-zinc ﻿Batteries; Computer ﻿Peripherals - Internal
EZ-cycle® ﻿Box,Mail-in,Program,Newton; MA 02466,Inkjet ﻿Cartridges; Toner ﻿Cartridges; Cell ﻿Phones; LCD ﻿Televisions; CDs; LCD ﻿Computer Monitors; Telephones; Floppy ﻿Disks; Desktop ﻿Computers; Office ﻿Machines
Floppydisk ﻿Recycle Program,Mail-in,Program,2620 ﻿Walnut Ave Unit D; Tustin; CA 92780,Floppy ﻿Disks
Folica ﻿Hair Dryer Recycling Program,Mail-in,Program,Dayton; NJ 08810,Home ﻿Electronics
Full ﻿Circle Image,Mail-in,Program,Rochester; MN 55901,Inkjet ﻿Cartridges; Toner ﻿Cartridges
FundingFactory.com,Mail-in,Program,Erie; PA 16507,Inkjet ﻿Cartridges; Toner ﻿Cartridges; MP3 ﻿Players; Cell ﻿Phones; Digital ﻿Cameras; GPS ﻿Systems; Laptop ﻿Computers; Tablets
GadgetGobbler.com,Mail-in,Program,Aurora; IL 60506,MP3 ﻿Players; Cell ﻿Phones; Tablets
Gazelle,Mail-in,Program,;,MP3 ﻿Players; Cell ﻿Phones; Laptop ﻿Computers; Desktop ﻿Computers; Tablets
Gizmogul,Mail-in,Program,6 ﻿Merchant St. #5; Sharon; MA 02067,Cell ﻿Phones; LCD ﻿Computer Monitors; Silver-oxide ﻿Batteries; Laptop ﻿Computers; Desktop ﻿Computers; Nickel-metal ﻿Hydride Batteries; X-rays; Tablets
Gizmogul,Mail-in,Program,6 ﻿Merchant St #5; Sharon; MA 02067,Computer ﻿Peripherals - External; Cell ﻿Phones; Computer ﻿Peripherals - Internal
Global ﻿Re-Source Funding,Mail-in,Program,100 ﻿W 18th Ave; North Kansas City; MO 64116,Inkjet ﻿Cartridges; Toner ﻿Cartridges; MP3 ﻿Players; Cell ﻿Phones; Digital ﻿Cameras; GPS ﻿Systems; Laptop ﻿Computers
GRC ﻿Wireless Recycling,Mail-in,Program,11067 ﻿NW 122ND STREET; Medley; FL 33178,Cell ﻿Phones
Green ﻿Buyback,Mail-in,Program,48 ﻿Bi State Plaza #101; Old Tappan; NJ 07675,Cell ﻿Phones; Game ﻿Consoles; Laptop ﻿Computers; Home ﻿Electronics; Tablets
Green ﻿Hippo,Mail-in,Program,300 ﻿South Lewis Road; Suite K; Camarillo; CA 93012,Inkjet ﻿Cartridges; Toner ﻿Cartridges; MP3 ﻿Players; Cell ﻿Phones; Pagers; Cell ﻿Phone Accessories; Digital ﻿Cameras; GPS ﻿Systems; Tablets
Green ﻿Project Inc,Mail-in,Program,15335 ﻿Don Julian Rd; Hacienda Heights; CA 91745,Inkjet ﻿Cartridges; Toner ﻿Cartridges
GreenCanDo.org,Mail-in,Program,P.O. ﻿Box 324; Massapequa Park; NY 11762,Inkjet ﻿Cartridges; Toner ﻿Cartridges; MP3 ﻿Players; Cell ﻿Phones; Digital ﻿Cameras; Laptop ﻿Computers; VCRs; Tablets
GreenCells ﻿Cell Phone Recycling Program,Mail-in,Program,1701 ﻿Quincy Ave; Naperville; IL 60540,Cell ﻿Phones
GreenDisk,Mail-in,Program,Issaquah; WA 98029,Computer ﻿Peripherals - External; CDs; CD ﻿Players; Game ﻿Consoles; Blu-Ray ﻿Players; Digital ﻿Cameras; Receivers; Nickel-cadmium ﻿Batteries; Office ﻿Machines; Toner ﻿Cartridges; Cassette ﻿Tapes; Lead-acid ﻿Batteries - Non-automotive; Tablets; Inkjet ﻿Cartridges; DVD ﻿Players; Video ﻿Tapes; Cell ﻿Phone Accessories; DVDs; Floppy ﻿Disks; GPS ﻿Systems; Laptop ﻿Computers; Nickel-metal ﻿Hydride Batteries; Lithium-ion ﻿Batteries; Hard ﻿Drives; Smartphones; Video ﻿Game Peripherals; Cables; Cassette ﻿Players; Cell ﻿Phones; Pagers; Audio ﻿Equipment; Computer ﻿Peripherals - Internal
GreenPhone ﻿Recycling Program,Mail-in,Program,Boulder; CO 80301,Cell ﻿Phones
GreenTextbooks.org ﻿Recycling Program,Mail-in,Program,1412 ﻿Plata Way; Sandy; UT 84093,CDs; Paperback ﻿Books
Guzu.com,Mail-in,Program,71 ﻿E Industry Ct; Deer Park; NY 11729,Computer ﻿Peripherals - External; Printers; Television ﻿Accessories; Game ﻿Consoles; Receivers; Digital ﻿Cameras; Paper ﻿Shredders; Office ﻿Machines; MP3 ﻿Players; CRT ﻿Televisions; LCD ﻿Computer Monitors; Desktop ﻿Computers; CRT ﻿Computer Monitors; VCRs; LCD ﻿Televisions; Cell ﻿Phone Accessories; GPS ﻿Systems; Laptop ﻿Computers; Home ﻿Electronics; Cell ﻿Phones; Cables; Two-Way ﻿Radios; Telephones; Audio ﻿Equipment
"Hellocycle, ﻿Inc.",Mail-in,Program,18 ﻿Morin St; Biddeford; ME 04005,Inkjet ﻿Cartridges; MP3 ﻿Players; Cell ﻿Phones; CDs; CFLs; Nickel-metal ﻿Hydride Batteries; Alkaline ﻿Batteries; Lithium-ion ﻿Batteries
Hewlett-Packard ﻿Planet Partners Recycling Program,Mail-in,Program,Palo Alto; CA 94304,Inkjet ﻿Cartridges; Toner ﻿Cartridges; MP3 ﻿Players; Cell ﻿Phones; Printers; LCD ﻿Computer Monitors; Scanners; Digital ﻿Cameras; Desktop ﻿Computers; Office ﻿Machines; CRT ﻿Computer Monitors; Tablets
HP ﻿Inc.,Mail-in,Program,1501 ﻿Page Mill Road; Palo Alto; CA 94304,Inkjet ﻿Cartridges; Toner ﻿Cartridges
Ink ﻿Technologies,Mail-in,Program,7600 ﻿McEwen Road; Dayton; OH 45459,Inkjet ﻿Cartridges; Toner ﻿Cartridges
Inkpal.com,Mail-in,Program,14 ﻿Palm Harbor Village Way W; Palm Coast; FL 32137,Inkjet ﻿Cartridges; Toner ﻿Cartridges
InkRecycling.org,Mail-in,Program,3943 ﻿Poppyseed Pl; Calabasas; CA 91302,Inkjet ﻿Cartridges
InterConnection ﻿Computer Reuse and Learning Center,Mail-in,Program,3415 ﻿Stone Way North; Seattle; WA 98103,Cell ﻿Phones; Laptop ﻿Computers; Desktop ﻿Computers; Tablets
iRecycle ﻿Kit by Battery Solutions,Mail-in,Program,Howell; MI 48843,Lithium ﻿Batteries; Zinc-air ﻿Batteries; Button ﻿Cell Batteries; Digital ﻿Cameras; Nickel-cadmium ﻿Batteries; Alkaline ﻿Batteries; MP3 ﻿Players; Zinc-carbon ﻿Batteries; Lead-acid ﻿Batteries - Non-automotive; Tablets; Silver-oxide ﻿Batteries; GPS ﻿Systems; Nickel-metal ﻿Hydride Batteries; Lithium-ion ﻿Batteries; Cell ﻿Phones; Pagers; Two-Way ﻿Radios; Nickel-zinc ﻿Batteries
iReTron,Mail-in,Program,15466 ﻿Los Gatos Boulevard; Los Gatos; CA 95032,MP3 ﻿Players; Cell ﻿Phones; Game ﻿Consoles; Digital ﻿Cameras; GPS ﻿Systems; Laptop ﻿Computers; Calculators; Tablets
JACO ﻿Product Recovery Services,Mail-in,Program,451 ﻿West 69th Street; Loveland; CO 80538,Cell ﻿Phones; Electronic ﻿Servers; Desktop ﻿Computers; Office ﻿Machines; Tablets
"Keebloo, ﻿LLC",Mail-in,Program,140 ﻿58th Street; Bldg. B; Unit 2G; Brooklyn; NY 11220,MP3 ﻿Players; Cell ﻿Phones; Cell ﻿Phone Accessories; Game ﻿Consoles; Digital ﻿Cameras; Laptop ﻿Computers; Desktop ﻿Computers
KruseCom,Mail-in,Program,374 ﻿N Haverhill Rd Suite 700; West Palm Beach; FL 33415,Projectors; Computer ﻿Peripherals - External; Smartphones; Cell ﻿Phones; Printers; Smartwatches; Electronic ﻿Waste; LCD ﻿Computer Monitors; Telephones; Game ﻿Consoles; Laptop ﻿Computers; Desktop ﻿Computers; E-Waste; Medical ﻿Equipment - Large; Tablets; Computer ﻿Peripherals - Internal
"Lampmaster ﻿Recycling Services, Inc. Mail-in Program",Mail-in,Program,Cincinnati; OH 45216,Lithium ﻿Batteries; Computer ﻿Peripherals - External; Printers; Television ﻿Accessories; Zinc-air ﻿Batteries; Button ﻿Cell Batteries; CFLs; CD ﻿Players; Game ﻿Consoles; Blu-Ray ﻿Players; Digital ﻿Cameras; Receivers; Nickel-cadmium ﻿Batteries; Boomboxes; Paper ﻿Shredders; Halogen ﻿Bulbs; Office ﻿Machines; Alkaline ﻿Batteries; Neon ﻿Lights; MP3 ﻿Players; CRT ﻿Televisions; LCD ﻿Computer Monitors; Scanners; Zinc-carbon ﻿Batteries; Desktop ﻿Computers; Lead-acid ﻿Batteries - Non-automotive; CRT ﻿Computer Monitors; Incandescent ﻿Lightbulbs; VCRs; Tablets; Projectors; DVD ﻿Players; LCD ﻿Televisions; Typewriters; Cell ﻿Phone Accessories; Silver-oxide ﻿Batteries; Electronic ﻿Servers; GPS ﻿Systems; Laptop ﻿Computers; Nickel-metal ﻿Hydride Batteries; Home ﻿Electronics; Lithium-ion ﻿Batteries; Hard ﻿Drives; Video ﻿Game Peripherals; Cables; Cassette ﻿Players; Cell ﻿Phones; Pagers; Record ﻿Players; Audio ﻿Equipment; Two-Way ﻿Radios; Telephones; Fluorescent ﻿Tubes; Nickel-zinc ﻿Batteries; Power ﻿Tools; Calculators; Computer ﻿Peripherals - Internal
LampRecycling.com,Mail-in,Program,2200 ﻿Ogden Ave #100; Lisle; IL 60532,Lighting ﻿Ballasts; Items ﻿Containing Mercury; LCD ﻿Televisions; LCD ﻿Computer Monitors; Telephones; Fluorescent ﻿Tubes; CFLs; Floppy ﻿Disks; Mercury ﻿Thermostats; Desktop ﻿Computers; Nickel-cadmium ﻿Batteries; Office ﻿Machines; Alkaline ﻿Batteries; Lithium-ion ﻿Batteries
Laser ﻿Save,Mail-in,Program,843 ﻿State Route 33 #11; Freehold; NJ 07728,Inkjet ﻿Cartridges; Toner ﻿Cartridges
Levi ﻿Wilson,Mail-in,Program,615 ﻿Counts Estates Dr; Dripping Springs; TX 78620,Hard ﻿Drives; Computer ﻿Peripherals - External; Smartphones; MP3 ﻿Players; Cell ﻿Phones; Video ﻿Game Peripherals; Smartwatches; Cell ﻿Phone Accessories; Floppy ﻿Disks; Game ﻿Consoles; Digital ﻿Cameras; GPS ﻿Systems; Laptop ﻿Computers; Video ﻿Game Cartridges; Computer ﻿Peripherals - Internal
LifeCell ﻿Project,Mail-in,Program,14 ﻿Breeze Ave; Venice; CA 90291,MP3 ﻿Players; Cell ﻿Phones
Lion ﻿Recycling,Mail-in,Program,1684 ﻿Decoto Rd; Union City; CA 94587,Lithium-ion ﻿Batteries; Cell ﻿Phones
Lions ﻿In Sight Recycling Program,Mail-in,Program,1404 ﻿Lemon St; Vallejo; CA 94590,Inkjet ﻿Cartridges; Eyeglasses; Cell ﻿Phones
Mac ﻿of All Trades,Mail-in,Program,14474 ﻿Carlson Cir; Tampa; FL 33626,Computer ﻿Peripherals - External; LCD ﻿Computer Monitors; Laptop ﻿Computers; Desktop ﻿Computers; Tablets
MaxBack,Mail-in,Program,Erie; PA 16507,MP3 ﻿Players; Cell ﻿Phones; Tablets
National ﻿Coalition Against Domestic Violence Cell Phone Donation Program,Mail-in,Program,Dexter; MI 48130,Cell ﻿Phones
NextGen ﻿Collections,Mail-in,Program,Rochester; NY 14604,Toner ﻿Cartridges
Nextworth ﻿Electronics Recycling,Mail-in,Program,Lawrence; MA 01840,MP3 ﻿Players; Cell ﻿Phones; Game ﻿Consoles; Digital ﻿Cameras; GPS ﻿Systems; VCRs
Ohio ﻿Cell Phone Donation & Recycling,Mail-in,Program,1201 ﻿E Bowman St; Wooster; OH 44691,Laptop ﻿Computers; Cell ﻿Phones
Panasonic ﻿Toughbook Laptop Recycling Program,Mail-in,Program,Secaucus; NJ 07094,Laptop ﻿Computers
Planet ﻿Aid - Give Back Box,Mail-in,Program,6730 ﻿Santa Barbara Ct; Elkridge; MD 21075,Shoes; Paperback ﻿Books; Hardcover ﻿Books; Clothing; Home ﻿Electronics
